[{"name":"foundation","oily":"","dry":"","sensitive":"O"},{"name":"jurisdiction","oily":"X","dry":"X","sensitive":"O"},{"name":"reproduce","oily":"O","dry":"","sensitive":"X"},{"name":"potential","oily":"X","dry":"O","sensitive":"O"},{"name":"population","oily":"","dry":"","sensitive":""},{"name":"parameter","oily":"","dry":"","sensitive":"X"},{"name":"radiation","oily":"X","dry":"O","sensitive":""},{"name":"machinery","oily":"O","dry":"O","sensitive":"X"},{"name":"possibility","oily":"","dry":"O","sensitive":"O"},{"name":"instruction","oily":"X","dry":"O","sensitive":""},{"name":"radiation sickness","oily":"","dry":"","sensitive":"X"},{"name":"houseplant","oily":"X","dry":"X","sensitive":"O"},{"name":"egg white","oily":"","dry":"","sensitive":"O"},{"name":"photograph","oily":"","dry":"X","sensitive":"X"},{"name":"responsibility","oily":"","dry":"","sensitive":"X"},{"name":"credibility","oily":"X","dry":"","sensitive":"X"},{"name":"replacement","oily":"","dry":"O","sensitive":"X"},{"name":"sentiment","oily":"O","dry":"O","sensitive":""},{"name":"neighbour","oily":"","dry":"X","sensitive":""},{"name":"depression","oily":"O","dry":"O","sensitive":"X"},{"name":"condition","oily":"","dry":"O","sensitive":"X"},{"name":"reasonable","oily":"O","dry":"O","sensitive":"X"},{"name":"disposition","oily":"X","dry":"","sensitive":"X"},{"name":"character","oily":"O","dry":"O","sensitive":"O"},{"name":"empirical","oily":"","dry":"O","sensitive":"O"},{"name":"underline","oily":"X","dry":"X","sensitive":"O"},{"name":"motorcycle","oily":"X","dry":"O","sensitive":"O"},{"name":"legislature","oily":"","dry":"X","sensitive":"O"},{"name":"leftovers","oily":"X","dry":"O","sensitive":"X"},{"name":"microphone","oily":"X","dry":"O","sensitive":"X"},{"name":"fool around","oily":"O","dry":"","sensitive":""},{"name":"basketball","oily":"O","dry":"","sensitive":"X"},{"name":"exception","oily":"","dry":"X","sensitive":""},{"name":"photocopy","oily":"","dry":"","sensitive":"X"},{"name":"connection","oily":"","dry":"X","sensitive":"X"},{"name":"introduction","oily":"O","dry":"X","sensitive":"O"},{"name":"interface","oily":"O","dry":"O","sensitive":""},{"name":"photography","oily":"X","dry":"","sensitive":"O"},{"name":"foreigner","oily":"X","dry":"","sensitive":""},{"name":"threshold","oily":"","dry":"X","sensitive":"O"},{"name":"detective","oily":"O","dry":"","sensitive":"O"},{"name":"compliance","oily":"X","dry":"O","sensitive":"X"},{"name":"correspond","oily":"X","dry":"","sensitive":"O"},{"name":"absorption","oily":"X","dry":"","sensitive":"X"},{"name":"ice cream","oily":"O","dry":"","sensitive":""},{"name":"deprivation","oily":"X","dry":"","sensitive":"X"},{"name":"established","oily":"O","dry":"O","sensitive":"X"},{"name":"pollution","oily":"O","dry":"","sensitive":"O"},{"name":"chauvinist","oily":"X","dry":"","sensitive":"X"},{"name":"innovation","oily":"X","dry":"X","sensitive":"X"},{"name":"qualified","oily":"O","dry":"O","sensitive":"X"},{"name":"color-blind","oily":"X","dry":"O","sensitive":"X"},{"name":"provision","oily":"","dry":"O","sensitive":"X"},{"name":"censorship","oily":"","dry":"O","sensitive":"O"},{"name":"pneumonia","oily":"O","dry":"O","sensitive":""},{"name":"democratic","oily":"O","dry":"X","sensitive":"X"},{"name":"landowner","oily":"O","dry":"X","sensitive":""},{"name":"volunteer","oily":"","dry":"O","sensitive":""},{"name":"essential","oily":"X","dry":"X","sensitive":""},{"name":"distribute","oily":"X","dry":"X","sensitive":""},{"name":"administration","oily":"X","dry":"X","sensitive":"O"},{"name":"transaction","oily":"","dry":"","sensitive":""},{"name":"talkative","oily":"","dry":"X","sensitive":""},{"name":"confession","oily":"O","dry":"","sensitive":"X"},{"name":"spokesperson","oily":"O","dry":"","sensitive":"O"},{"name":"crosswalk","oily":"X","dry":"O","sensitive":"X"},{"name":"overcharge","oily":"O","dry":"O","sensitive":"X"},{"name":"generation","oily":"","dry":"O","sensitive":""},{"name":"objective","oily":"X","dry":"O","sensitive":"X"},{"name":"prevalence","oily":"X","dry":"O","sensitive":"O"},{"name":"operational","oily":"X","dry":"X","sensitive":""},{"name":"acceptance","oily":"O","dry":"O","sensitive":""},{"name":"homosexual","oily":"X","dry":"X","sensitive":"X"},{"name":"ambiguous","oily":"","dry":"X","sensitive":""},{"name":"constraint","oily":"","dry":"","sensitive":""},{"name":"copyright","oily":"X","dry":"O","sensitive":"X"},{"name":"negotiation","oily":"O","dry":"","sensitive":"O"},{"name":"directory","oily":"O","dry":"O","sensitive":"O"},{"name":"substitute","oily":"","dry":"O","sensitive":"O"},{"name":"environmental","oily":"O","dry":"","sensitive":"X"},{"name":"timetable","oily":"O","dry":"","sensitive":"X"},{"name":"favourite","oily":"X","dry":"X","sensitive":""},{"name":"firefighter","oily":"X","dry":"","sensitive":""},{"name":"monstrous","oily":"X","dry":"X","sensitive":"X"},{"name":"redundancy","oily":"O","dry":"O","sensitive":"X"},{"name":"cooperative","oily":"","dry":"O","sensitive":""},{"name":"production","oily":"","dry":"O","sensitive":"X"},{"name":"confidence","oily":"X","dry":"","sensitive":"X"},{"name":"accompany","oily":"O","dry":"X","sensitive":""},{"name":"entertain","oily":"","dry":"","sensitive":"O"},{"name":"ostracize","oily":"","dry":"O","sensitive":"O"},{"name":"mail carrier","oily":"","dry":"O","sensitive":"X"},{"name":"battlefield","oily":"O","dry":"","sensitive":"O"},{"name":"undertake","oily":"X","dry":"X","sensitive":""},{"name":"earthflax","oily":"O","dry":"O","sensitive":""},{"name":"bloodshed","oily":"X","dry":"","sensitive":"O"},{"name":"tradition","oily":"","dry":"","sensitive":""},{"name":"laboratory","oily":"X","dry":"X","sensitive":"X"},{"name":"modernize","oily":"X","dry":"","sensitive":"O"},{"name":"preparation","oily":"X","dry":"X","sensitive":"X"},{"name":"profession","oily":"X","dry":"","sensitive":"X"},{"name":"countryside","oily":"X","dry":"O","sensitive":"O"},{"name":"inspiration","oily":"X","dry":"X","sensitive":"O"},{"name":"commitment","oily":"X","dry":"O","sensitive":"X"},{"name":"disturbance","oily":"O","dry":"O","sensitive":"O"},{"name":"breakdown","oily":"X","dry":"X","sensitive":"X"},{"name":"courtship","oily":"O","dry":"O","sensitive":"O"},{"name":"communist","oily":"X","dry":"X","sensitive":"X"},{"name":"partnership","oily":"O","dry":"O","sensitive":"O"},{"name":"circulate","oily":"O","dry":"X","sensitive":"X"},{"name":"conscious","oily":"","dry":"O","sensitive":""},{"name":"insistence","oily":"","dry":"O","sensitive":""},{"name":"difficult","oily":"X","dry":"","sensitive":""},{"name":"progressive","oily":"O","dry":"O","sensitive":"X"},{"name":"socialist","oily":"O","dry":"O","sensitive":"X"},{"name":"girlfriend","oily":"","dry":"","sensitive":""},{"name":"privilege","oily":"O","dry":"O","sensitive":""},{"name":"conventional","oily":"","dry":"O","sensitive":"X"},{"name":"destruction","oily":"","dry":"O","sensitive":"X"},{"name":"butterfly","oily":"X","dry":"","sensitive":"X"},{"name":"injection","oily":"O","dry":"X","sensitive":""},{"name":"respectable","oily":"X","dry":"O","sensitive":""},{"name":"satisfied","oily":"","dry":"","sensitive":"O"},{"name":"development","oily":"O","dry":"","sensitive":""},{"name":"conviction","oily":"X","dry":"O","sensitive":"X"},{"name":"horseshoe","oily":"O","dry":"X","sensitive":"O"},{"name":"organisation","oily":"","dry":"O","sensitive":""},{"name":"nomination","oily":"","dry":"O","sensitive":"X"},{"name":"deteriorate","oily":"O","dry":"X","sensitive":""},{"name":"relevance","oily":"X","dry":"","sensitive":"X"},{"name":"presentation","oily":"O","dry":"X","sensitive":""},{"name":"initiative","oily":"","dry":"X","sensitive":"X"},{"name":"formulate","oily":"O","dry":"","sensitive":"X"},{"name":"represent","oily":"O","dry":"X","sensitive":"X"},{"name":"credit card","oily":"X","dry":"","sensitive":""},{"name":"integrated","oily":"","dry":"","sensitive":""},{"name":"fashionable","oily":"O","dry":"","sensitive":"X"},{"name":"acquisition","oily":"X","dry":"","sensitive":""},{"name":"sacrifice","oily":"X","dry":"","sensitive":""},{"name":"telephone","oily":"X","dry":"O","sensitive":"O"},{"name":"beautiful","oily":"O","dry":"","sensitive":"X"},{"name":"fascinate","oily":"","dry":"X","sensitive":"X"},{"name":"chocolate","oily":"X","dry":"","sensitive":"O"},{"name":"premature","oily":"X","dry":"O","sensitive":"O"},{"name":"reproduction","oily":"X","dry":"O","sensitive":"O"},{"name":"uncertainty","oily":"X","dry":"","sensitive":"X"},{"name":"treasurer","oily":"","dry":"O","sensitive":"X"},{"name":"conception","oily":"O","dry":"","sensitive":"O"},{"name":"temporary","oily":"","dry":"O","sensitive":""},{"name":"magnitude","oily":"","dry":"","sensitive":"O"},{"name":"separation","oily":"X","dry":"O","sensitive":""},{"name":"settlement","oily":"","dry":"X","sensitive":""},{"name":"disability","oily":"X","dry":"","sensitive":"X"},{"name":"expectation","oily":"X","dry":"O","sensitive":"O"},{"name":"architecture","oily":"","dry":"X","sensitive":"X"},{"name":"civilization","oily":"X","dry":"O","sensitive":"X"},{"name":"circumstance","oily":"X","dry":"","sensitive":""},{"name":"transparent","oily":"X","dry":"","sensitive":"X"},{"name":"accessible","oily":"","dry":"X","sensitive":"X"},{"name":"advertising","oily":"X","dry":"","sensitive":"O"},{"name":"comprehensive","oily":"","dry":"O","sensitive":""},{"name":"background","oily":"X","dry":"","sensitive":"X"},{"name":"protection","oily":"O","dry":"O","sensitive":"X"},{"name":"assertive","oily":"X","dry":"O","sensitive":""},{"name":"articulate","oily":"","dry":"X","sensitive":"O"},{"name":"admiration","oily":"O","dry":"X","sensitive":""},{"name":"occupation","oily":"","dry":"X","sensitive":"O"},{"name":"nationalism","oily":"X","dry":"","sensitive":""},{"name":"temptation","oily":"X","dry":"O","sensitive":"O"},{"name":"presidential","oily":"X","dry":"X","sensitive":"O"},{"name":"reception","oily":"X","dry":"","sensitive":"X"},{"name":"preference","oily":"","dry":"","sensitive":"O"},{"name":"transform","oily":"O","dry":"X","sensitive":"X"},{"name":"embarrassment","oily":"","dry":"O","sensitive":""},{"name":"cigarette","oily":"X","dry":"O","sensitive":"X"},{"name":"government","oily":"","dry":"O","sensitive":"X"},{"name":"accumulation","oily":"","dry":"X","sensitive":"O"},{"name":"suspicion","oily":"O","dry":"X","sensitive":"O"},{"name":"commemorate","oily":"X","dry":"O","sensitive":""},{"name":"conservation","oily":"O","dry":"X","sensitive":"O"},{"name":"important","oily":"","dry":"O","sensitive":"X"},{"name":"coalition","oily":"O","dry":"X","sensitive":"X"},{"name":"mainstream","oily":"","dry":"O","sensitive":"O"},{"name":"revolutionary","oily":"O","dry":"O","sensitive":""},{"name":"agriculture","oily":"X","dry":"","sensitive":""},{"name":"dependence","oily":"O","dry":"","sensitive":"X"},{"name":"sculpture","oily":"O","dry":"O","sensitive":"O"},{"name":"invisible","oily":"O","dry":"X","sensitive":"X"},{"name":"executive","oily":"O","dry":"O","sensitive":""},{"name":"encourage","oily":"X","dry":"X","sensitive":"O"},{"name":"cell phone","oily":"","dry":"O","sensitive":""},{"name":"human body","oily":"","dry":"X","sensitive":"O"},{"name":"agreement","oily":"","dry":"O","sensitive":"O"},{"name":"opposition","oily":"X","dry":"","sensitive":"O"},{"name":"requirement","oily":"X","dry":"X","sensitive":"X"},{"name":"satisfaction","oily":"X","dry":"","sensitive":""},{"name":"consideration","oily":"O","dry":"X","sensitive":"O"},{"name":"avant-garde","oily":"X","dry":"X","sensitive":""},{"name":"unfortunate","oily":"X","dry":"O","sensitive":"X"},{"name":"paralyzed","oily":"O","dry":"X","sensitive":""},{"name":"charismatic","oily":"O","dry":"O","sensitive":""},{"name":"violation","oily":"O","dry":"","sensitive":"X"},{"name":"restaurant","oily":"O","dry":"X","sensitive":"O"},{"name":"departure","oily":"X","dry":"X","sensitive":""},{"name":"challenge","oily":"O","dry":"O","sensitive":""},{"name":"fastidious","oily":"X","dry":"O","sensitive":"O"},{"name":"remunerate","oily":"O","dry":"O","sensitive":"O"},{"name":"distortion","oily":"O","dry":"O","sensitive":"O"},{"name":"speculate","oily":"O","dry":"O","sensitive":""},{"name":"plaintiff","oily":"O","dry":"X","sensitive":""},{"name":"conversation","oily":"","dry":"X","sensitive":"X"},{"name":"computer virus","oily":"","dry":"","sensitive":"X"},{"name":"exhibition","oily":"","dry":"X","sensitive":"O"},{"name":"precedent","oily":"O","dry":"","sensitive":"X"},{"name":"expression","oily":"","dry":"","sensitive":"O"},{"name":"publication","oily":"X","dry":"O","sensitive":"X"},{"name":"colleague","oily":"","dry":"O","sensitive":"X"},{"name":"strategic","oily":"","dry":"X","sensitive":"X"},{"name":"architect","oily":"O","dry":"","sensitive":"X"},{"name":"resignation","oily":"O","dry":"","sensitive":"X"},{"name":"calculation","oily":"","dry":"O","sensitive":"X"},{"name":"miscarriage","oily":"O","dry":"O","sensitive":"O"},{"name":"thoughtful","oily":"","dry":"O","sensitive":""},{"name":"exaggerate","oily":"O","dry":"X","sensitive":"O"},{"name":"guerrilla","oily":"X","dry":"X","sensitive":"X"},{"name":"legislation","oily":"O","dry":"X","sensitive":""},{"name":"interrupt","oily":"","dry":"","sensitive":"X"},{"name":"leadership","oily":"","dry":"X","sensitive":""},{"name":"discipline","oily":"X","dry":"O","sensitive":""},{"name":"intention","oily":"X","dry":"O","sensitive":""},{"name":"champagne","oily":"X","dry":"X","sensitive":""},{"name":"beginning","oily":"O","dry":"O","sensitive":"X"},{"name":"permanent","oily":"X","dry":"O","sensitive":"X"},{"name":"representative","oily":"","dry":"O","sensitive":"X"},{"name":"selection","oily":"","dry":"","sensitive":"O"},{"name":"temperature","oily":"O","dry":"X","sensitive":"X"},{"name":"electronics","oily":"","dry":"O","sensitive":"X"},{"name":"inflation","oily":"","dry":"","sensitive":"O"},{"name":"management","oily":"","dry":"O","sensitive":""},{"name":"inspector","oily":"X","dry":"O","sensitive":"X"},{"name":"goalkeeper","oily":"","dry":"","sensitive":"O"},{"name":"expansion","oily":"O","dry":"","sensitive":""},{"name":"performance","oily":"X","dry":"","sensitive":"O"},{"name":"introduce","oily":"X","dry":"","sensitive":""},{"name":"understanding","oily":"O","dry":"O","sensitive":"X"},{"name":"breakfast","oily":"O","dry":"","sensitive":""},{"name":"headquarters","oily":"","dry":"O","sensitive":""},{"name":"brilliance","oily":"O","dry":"O","sensitive":"X"},{"name":"reconcile","oily":"","dry":"O","sensitive":""},{"name":"nonremittal","oily":"","dry":"X","sensitive":""},{"name":"chimpanzee","oily":"","dry":"O","sensitive":"O"},{"name":"infrastructure","oily":"O","dry":"","sensitive":"X"},{"name":"knowledge","oily":"X","dry":"O","sensitive":""},{"name":"decoration","oily":"","dry":"X","sensitive":"X"},{"name":"construct","oily":"","dry":"","sensitive":""},{"name":"guideline","oily":"O","dry":"","sensitive":"O"},{"name":"vegetation","oily":"X","dry":"X","sensitive":"O"},{"name":"definition","oily":"X","dry":"X","sensitive":"X"},{"name":"exploration","oily":"O","dry":"X","sensitive":"O"},{"name":"rehabilitation","oily":"X","dry":"O","sensitive":""},{"name":"consolidate","oily":"","dry":"O","sensitive":"X"},{"name":"relinquish","oily":"X","dry":"","sensitive":"X"},{"name":"perception","oily":"X","dry":"O","sensitive":"X"},{"name":"literature","oily":"O","dry":"","sensitive":""},{"name":"possession","oily":"","dry":"X","sensitive":""},{"name":"structure","oily":"X","dry":"O","sensitive":""},{"name":"appearance","oily":"","dry":"O","sensitive":""},{"name":"horoscope","oily":"O","dry":"","sensitive":"X"},{"name":"reflection","oily":"X","dry":"O","sensitive":"O"},{"name":"hypnothize","oily":"","dry":"","sensitive":"O"},{"name":"adventure","oily":"O","dry":"","sensitive":"O"},{"name":"contraction","oily":"O","dry":"X","sensitive":"X"},{"name":"responsible","oily":"O","dry":"","sensitive":"X"},{"name":"compensation","oily":"X","dry":"X","sensitive":"O"},{"name":"earthquake","oily":"O","dry":"X","sensitive":"O"},{"name":"captivate","oily":"X","dry":"X","sensitive":""},{"name":"understand","oily":"O","dry":"","sensitive":"O"},{"name":"regulation","oily":"X","dry":"","sensitive":""},{"name":"conservative","oily":"","dry":"","sensitive":""},{"name":"blue jean","oily":"O","dry":"X","sensitive":"O"},{"name":"financial","oily":"X","dry":"X","sensitive":""},{"name":"continental","oily":"O","dry":"","sensitive":"O"},{"name":"operation","oily":"","dry":"X","sensitive":"O"},{"name":"rebellion","oily":"X","dry":"X","sensitive":""},{"name":"sensitive","oily":"O","dry":"O","sensitive":"O"},{"name":"consultation","oily":"","dry":"X","sensitive":"O"},{"name":"neighborhood","oily":"X","dry":"","sensitive":"X"},{"name":"beneficiary","oily":"X","dry":"","sensitive":""},{"name":"confrontation","oily":"O","dry":"O","sensitive":"X"},{"name":"straighten","oily":"","dry":"O","sensitive":"O"},{"name":"incentive","oily":"X","dry":"","sensitive":""},{"name":"gregarious","oily":"X","dry":"O","sensitive":"O"},{"name":"characteristic","oily":"O","dry":"","sensitive":""},{"name":"demonstrate","oily":"","dry":"X","sensitive":""},{"name":"education","oily":"O","dry":"X","sensitive":"O"},{"name":"freighter","oily":"O","dry":"","sensitive":""},{"name":"indication","oily":"X","dry":"","sensitive":"X"},{"name":"prosecute","oily":"O","dry":"O","sensitive":""},{"name":"emergency","oily":"O","dry":"","sensitive":"X"},{"name":"computing","oily":"X","dry":"","sensitive":""},{"name":"dangerous","oily":"X","dry":"X","sensitive":"O"},{"name":"eavesdrop","oily":"","dry":"","sensitive":"O"},{"name":"experiment","oily":"O","dry":"","sensitive":"X"},{"name":"depressed","oily":"O","dry":"O","sensitive":"O"},{"name":"defendant","oily":"","dry":"","sensitive":"X"},{"name":"commission","oily":"X","dry":"","sensitive":"X"},{"name":"philosophy","oily":"","dry":"X","sensitive":"X"},{"name":"helicopter","oily":"O","dry":"X","sensitive":"O"},{"name":"penetrate","oily":"O","dry":"X","sensitive":"X"},{"name":"restoration","oily":"","dry":"","sensitive":""},{"name":"competition","oily":"X","dry":"O","sensitive":"O"},{"name":"sanctuary","oily":"","dry":"X","sensitive":""},{"name":"exclusive","oily":"O","dry":"","sensitive":"O"},{"name":"practical","oily":"X","dry":"","sensitive":"X"},{"name":"reservoir","oily":"O","dry":"O","sensitive":""},{"name":"candidate","oily":"X","dry":"X","sensitive":"X"},{"name":"anniversary","oily":"O","dry":"X","sensitive":"O"},{"name":"mechanism","oily":"O","dry":"O","sensitive":""},{"name":"provincial","oily":"","dry":"","sensitive":"X"},{"name":"investment","oily":"","dry":"X","sensitive":""},{"name":"assignment","oily":"O","dry":"O","sensitive":"O"},{"name":"conductor","oily":"O","dry":"","sensitive":""},{"name":"achievement","oily":"X","dry":"","sensitive":"O"},{"name":"conscience","oily":"O","dry":"O","sensitive":""},{"name":"craftsman","oily":"X","dry":"","sensitive":""},{"name":"improvement","oily":"X","dry":"O","sensitive":"O"},{"name":"notorious","oily":"O","dry":"","sensitive":"X"},{"name":"unpleasant","oily":"O","dry":"","sensitive":"O"},{"name":"assumption","oily":"O","dry":"","sensitive":"X"},{"name":"elaborate","oily":"","dry":"O","sensitive":""},{"name":"hypothesize","oily":"O","dry":"","sensitive":""},{"name":"discovery","oily":"","dry":"","sensitive":""},{"name":"classroom","oily":"X","dry":"","sensitive":"O"},{"name":"difficulty","oily":"O","dry":"","sensitive":""},{"name":"convention","oily":"X","dry":"","sensitive":""},{"name":"reinforce","oily":"X","dry":"O","sensitive":""},{"name":"publicity","oily":"O","dry":"O","sensitive":"X"},{"name":"continuation","oily":"O","dry":"X","sensitive":"O"},{"name":"isolation","oily":"O","dry":"","sensitive":"O"},{"name":"effective","oily":"","dry":"O","sensitive":""},{"name":"satellite","oily":"","dry":"","sensitive":"X"},{"name":"apparatus","oily":"O","dry":"X","sensitive":""},{"name":"decorative","oily":"O","dry":"X","sensitive":"X"},{"name":"declaration","oily":"O","dry":"X","sensitive":""},{"name":"performer","oily":"","dry":"X","sensitive":"X"},{"name":"particular","oily":"","dry":"X","sensitive":"O"},{"name":"contradiction","oily":"O","dry":"O","sensitive":"X"},{"name":"concession","oily":"","dry":"","sensitive":"O"},{"name":"hostility","oily":"X","dry":"X","sensitive":"O"},{"name":"diplomatic","oily":"X","dry":"","sensitive":"X"},{"name":"willpower","oily":"X","dry":"","sensitive":""},{"name":"secretion","oily":"X","dry":"O","sensitive":""},{"name":"treatment","oily":"","dry":"X","sensitive":"X"},{"name":"mathematics","oily":"","dry":"O","sensitive":"X"},{"name":"marketing","oily":"","dry":"X","sensitive":""},{"name":"admission","oily":"","dry":"","sensitive":""},{"name":"wilderness","oily":"O","dry":"","sensitive":"O"},{"name":"index finger","oily":"","dry":"O","sensitive":"O"},{"name":"multimedia","oily":"","dry":"X","sensitive":"O"},{"name":"hemisphere","oily":"X","dry":"","sensitive":"X"},{"name":"advantage","oily":"X","dry":"","sensitive":""},{"name":"blackmail","oily":"O","dry":"X","sensitive":""},{"name":"migration","oily":"","dry":"","sensitive":"O"},{"name":"franchise","oily":"O","dry":"O","sensitive":"X"},{"name":"fluctuation","oily":"","dry":"","sensitive":""},{"name":"participate","oily":"","dry":"X","sensitive":"O"},{"name":"refrigerator","oily":"X","dry":"","sensitive":""},{"name":"influence","oily":"X","dry":"X","sensitive":"O"},{"name":"acceptable","oily":"","dry":"","sensitive":"X"},{"name":"suffering","oily":"O","dry":"O","sensitive":""},{"name":"fisherman","oily":"X","dry":"X","sensitive":"X"},{"name":"contribution","oily":"","dry":"","sensitive":"X"},{"name":"excavation","oily":"","dry":"","sensitive":"O"},{"name":"constitution","oily":"","dry":"","sensitive":"O"},{"name":"celebration","oily":"X","dry":"O","sensitive":"O"},{"name":"waterfall","oily":"X","dry":"O","sensitive":""},{"name":"distributor","oily":"","dry":"X","sensitive":""},{"name":"disappear","oily":"O","dry":"O","sensitive":"X"},{"name":"statement","oily":"","dry":"","sensitive":"O"},{"name":"discrimination","oily":"O","dry":"O","sensitive":"X"},{"name":"shareholder","oily":"X","dry":"","sensitive":"X"},{"name":"sensation","oily":"O","dry":"O","sensitive":""},{"name":"illustrate","oily":"O","dry":"O","sensitive":""},{"name":"dictionary","oily":"O","dry":"","sensitive":""},{"name":"attractive","oily":"O","dry":"O","sensitive":"X"},{"name":"projection","oily":"","dry":"","sensitive":"O"},{"name":"difference","oily":"","dry":"O","sensitive":""},{"name":"accountant","oily":"X","dry":"X","sensitive":""},{"name":"vegetarian","oily":"","dry":"O","sensitive":"O"},{"name":"transmission","oily":"X","dry":"O","sensitive":""},{"name":"appointment","oily":"","dry":"","sensitive":"X"},{"name":"attachment","oily":"X","dry":"X","sensitive":"X"},{"name":"artificial","oily":"","dry":"","sensitive":"X"},{"name":"simplicity","oily":"O","dry":"","sensitive":"O"},{"name":"institution","oily":"X","dry":"X","sensitive":""},{"name":"memorandum","oily":"","dry":"O","sensitive":"X"},{"name":"appreciate","oily":"O","dry":"","sensitive":"X"},{"name":"instrument","oily":"X","dry":"X","sensitive":"X"},{"name":"relaxation","oily":"","dry":"X","sensitive":""},{"name":"parachute","oily":"X","dry":"X","sensitive":""},{"name":"environment","oily":"X","dry":"X","sensitive":"O"},{"name":"prejudice","oily":"X","dry":"O","sensitive":""},{"name":"intermediate","oily":"","dry":"","sensitive":""},{"name":"repetition","oily":"X","dry":"O","sensitive":"O"},{"name":"secretary","oily":"","dry":"O","sensitive":""},{"name":"dimension","oily":"O","dry":"","sensitive":"O"},{"name":"engagement","oily":"X","dry":"O","sensitive":""},{"name":"litigation","oily":"X","dry":"O","sensitive":""},{"name":"recording","oily":"O","dry":"X","sensitive":"O"},{"name":"quotation","oily":"X","dry":"X","sensitive":"X"},{"name":"paragraph","oily":"X","dry":"X","sensitive":""},{"name":"clearance","oily":"","dry":"O","sensitive":"O"},{"name":"broadcast","oily":"O","dry":"O","sensitive":"O"},{"name":"experienced","oily":"X","dry":"","sensitive":"X"},{"name":"cultivate","oily":"X","dry":"O","sensitive":"X"},{"name":"anticipation","oily":"","dry":"X","sensitive":"X"},{"name":"extraterrestrial","oily":"X","dry":"X","sensitive":"X"},{"name":"recession","oily":"O","dry":"O","sensitive":"O"},{"name":"correction","oily":"","dry":"","sensitive":"X"},{"name":"short circuit","oily":"X","dry":"X","sensitive":""},{"name":"discourage","oily":"O","dry":"","sensitive":"X"},{"name":"obligation","oily":"X","dry":"X","sensitive":"O"},{"name":"spontaneous","oily":"O","dry":"","sensitive":"X"},{"name":"demonstration","oily":"","dry":"O","sensitive":""},{"name":"reduction","oily":"X","dry":"X","sensitive":"X"},{"name":"preoccupation","oily":"X","dry":"","sensitive":"O"},{"name":"allowance","oily":"O","dry":"X","sensitive":"O"},{"name":"formation","oily":"O","dry":"X","sensitive":""},{"name":"expertise","oily":"O","dry":"O","sensitive":"X"},{"name":"chemistry","oily":"","dry":"X","sensitive":""},{"name":"recognize","oily":"O","dry":"X","sensitive":"O"},{"name":"discriminate","oily":"O","dry":"O","sensitive":"X"},{"name":"favorable","oily":"","dry":"X","sensitive":"X"},{"name":"economist","oily":"O","dry":"O","sensitive":"O"},{"name":"orchestra","oily":"X","dry":"","sensitive":"X"},{"name":"policeman","oily":"X","dry":"X","sensitive":"X"},{"name":"eliminate","oily":"O","dry":"O","sensitive":""},{"name":"confusion","oily":"X","dry":"","sensitive":"X"},{"name":"combination","oily":"","dry":"X","sensitive":""},{"name":"incredible","oily":"","dry":"O","sensitive":""},{"name":"mechanical","oily":"X","dry":"O","sensitive":""},{"name":"domination","oily":"","dry":"X","sensitive":"X"},{"name":"withdrawal","oily":"","dry":"","sensitive":"X"},{"name":"right wing","oily":"X","dry":"X","sensitive":"X"},{"name":"compromise","oily":"","dry":"X","sensitive":"O"},{"name":"compartment","oily":"O","dry":"X","sensitive":"X"},{"name":"different","oily":"X","dry":"X","sensitive":"X"},{"name":"extension","oily":"O","dry":"X","sensitive":"X"},{"name":"residence","oily":"X","dry":"","sensitive":""},{"name":"motivation","oily":"","dry":"O","sensitive":"O"},{"name":"transition","oily":"","dry":"","sensitive":"O"},{"name":"correspondence","oily":"X","dry":"X","sensitive":""},{"name":"complication","oily":"X","dry":"O","sensitive":""},{"name":"supplementary","oily":"X","dry":"O","sensitive":""},{"name":"precision","oily":"X","dry":"O","sensitive":"X"},{"name":"disappointment","oily":"O","dry":"O","sensitive":"O"},{"name":"excitement","oily":"O","dry":"O","sensitive":"O"},{"name":"grandmother","oily":"O","dry":"","sensitive":""},{"name":"enthusiasm","oily":"","dry":"X","sensitive":"X"},{"name":"grandfather","oily":"O","dry":"","sensitive":"O"},{"name":"stimulation","oily":"O","dry":"X","sensitive":""},{"name":"executrix","oily":"","dry":"X","sensitive":"O"},{"name":"personality","oily":"O","dry":"","sensitive":"O"},{"name":"application","oily":"O","dry":"X","sensitive":"O"},{"name":"federation","oily":"","dry":"","sensitive":""},{"name":"permission","oily":"O","dry":"O","sensitive":""},{"name":"competence","oily":"X","dry":"","sensitive":"X"},{"name":"consumption","oily":"X","dry":"","sensitive":"X"},{"name":"pedestrian","oily":"","dry":"O","sensitive":"X"},{"name":"convenience","oily":"","dry":"X","sensitive":"O"},{"name":"conspiracy","oily":"O","dry":"","sensitive":"X"},{"name":"recommendation","oily":"O","dry":"O","sensitive":"X"},{"name":"undermine","oily":"X","dry":"","sensitive":""},{"name":"publisher","oily":"","dry":"X","sensitive":"X"},{"name":"inappropriate","oily":"X","dry":"O","sensitive":""},{"name":"president","oily":"X","dry":"X","sensitive":""},{"name":"revolution","oily":"","dry":"O","sensitive":"O"},{"name":"researcher","oily":"X","dry":"","sensitive":"O"},{"name":"authorise","oily":"","dry":"X","sensitive":"X"},{"name":"wisecrack","oily":"O","dry":"O","sensitive":"O"},{"name":"plagiarize","oily":"X","dry":"O","sensitive":""},{"name":"experience","oily":"X","dry":"","sensitive":"O"},{"name":"nationalist","oily":"","dry":"O","sensitive":"X"},{"name":"offspring","oily":"","dry":"O","sensitive":""},{"name":"offensive","oily":"","dry":"O","sensitive":"X"},{"name":"attraction","oily":"","dry":"","sensitive":"O"},{"name":"concentration","oily":"O","dry":"","sensitive":"O"},{"name":"housewife","oily":"X","dry":"","sensitive":""},{"name":"exemption","oily":"","dry":"","sensitive":"O"},{"name":"circulation","oily":"X","dry":"","sensitive":"O"},{"name":"establish","oily":"X","dry":"O","sensitive":"X"},{"name":"reluctance","oily":"","dry":"O","sensitive":""},{"name":"vegetable","oily":"O","dry":"X","sensitive":""},{"name":"break down","oily":"O","dry":"X","sensitive":"O"},{"name":"landscape","oily":"","dry":"X","sensitive":""},{"name":"incapable","oily":"","dry":"O","sensitive":"O"},{"name":"ignorance","oily":"X","dry":"","sensitive":""},{"name":"intelligence","oily":"X","dry":"","sensitive":"X"},{"name":"arrangement","oily":"","dry":"O","sensitive":"X"},{"name":"stereotype","oily":"X","dry":"","sensitive":"X"},{"name":"presidency","oily":"","dry":"O","sensitive":""},{"name":"community","oily":"","dry":"O","sensitive":"O"},{"name":"cooperation","oily":"X","dry":"","sensitive":""},{"name":"hospitality","oily":"","dry":"X","sensitive":""},{"name":"deviation","oily":"X","dry":"","sensitive":"O"},{"name":"fabricate","oily":"X","dry":"","sensitive":"O"},{"name":"guarantee","oily":"","dry":"","sensitive":"O"},{"name":"comfortable","oily":"X","dry":"O","sensitive":""},{"name":"attention","oily":"X","dry":"","sensitive":""},{"name":"biography","oily":"","dry":"O","sensitive":"X"},{"name":"qualification","oily":"O","dry":"O","sensitive":""},{"name":"committee","oily":"X","dry":"X","sensitive":"O"},{"name":"productive","oily":"","dry":"X","sensitive":"O"},{"name":"resolution","oily":"X","dry":"O","sensitive":"O"},{"name":"professor","oily":"","dry":"X","sensitive":"X"},{"name":"examination","oily":"O","dry":"X","sensitive":"O"},{"name":"perforate","oily":"O","dry":"O","sensitive":"X"},{"name":"announcement","oily":"","dry":"O","sensitive":"O"},{"name":"miserable","oily":"O","dry":"","sensitive":"X"},{"name":"gas pedal","oily":"O","dry":"O","sensitive":"X"},{"name":"liability","oily":"X","dry":"","sensitive":"X"},{"name":"constituency","oily":"O","dry":"O","sensitive":"O"},{"name":"hierarchy","oily":"","dry":"O","sensitive":""},{"name":"economics","oily":"O","dry":"X","sensitive":"X"},{"name":"strikebreaker","oily":"X","dry":"X","sensitive":"O"},{"name":"constellation","oily":"","dry":"X","sensitive":""},{"name":"superintendent","oily":"","dry":"","sensitive":"O"},{"name":"reputation","oily":"","dry":"O","sensitive":""},{"name":"catalogue","oily":"","dry":"X","sensitive":"X"},{"name":"conglomerate","oily":"","dry":"O","sensitive":"X"},{"name":"prediction","oily":"X","dry":"","sensitive":"O"},{"name":"identification","oily":"X","dry":"X","sensitive":"O"},{"name":"relationship","oily":"O","dry":"X","sensitive":""},{"name":"sympathetic","oily":"","dry":"X","sensitive":"O"},{"name":"acquaintance","oily":"O","dry":"X","sensitive":""},{"name":"intervention","oily":"","dry":"X","sensitive":"O"},{"name":"consensus","oily":"X","dry":"O","sensitive":""},{"name":"manufacturer","oily":"O","dry":"","sensitive":""},{"name":"functional","oily":"O","dry":"X","sensitive":"X"},{"name":"intensify","oily":"X","dry":"X","sensitive":"X"},{"name":"authority","oily":"O","dry":"X","sensitive":""},{"name":"interactive","oily":"","dry":"O","sensitive":"O"},{"name":"allocation","oily":"","dry":"","sensitive":"X"},{"name":"overwhelm","oily":"X","dry":"","sensitive":"X"},{"name":"assessment","oily":"X","dry":"O","sensitive":"X"},{"name":"insurance","oily":"O","dry":"X","sensitive":"O"},{"name":"constitutional","oily":"O","dry":"X","sensitive":"O"},{"name":"television","oily":"O","dry":"","sensitive":"O"},{"name":"implication","oily":"O","dry":"","sensitive":""},{"name":"automatic","oily":"","dry":"","sensitive":""},{"name":"collection","oily":"X","dry":"","sensitive":""},{"name":"sensitivity","oily":"","dry":"O","sensitive":"O"},{"name":"retirement","oily":"","dry":"","sensitive":""},{"name":"direction","oily":"O","dry":"O","sensitive":""},{"name":"frequency","oily":"O","dry":"O","sensitive":"X"},{"name":"interference","oily":"O","dry":"X","sensitive":"O"},{"name":"negligence","oily":"","dry":"","sensitive":""},{"name":"contemporary","oily":"X","dry":"","sensitive":"O"},{"name":"registration","oily":"","dry":"X","sensitive":"X"},{"name":"investigation","oily":"","dry":"X","sensitive":"O"},{"name":"inhabitant","oily":"X","dry":"","sensitive":""},{"name":"reference","oily":"X","dry":"X","sensitive":"X"},{"name":"cooperate","oily":"O","dry":"X","sensitive":"O"},{"name":"promotion","oily":"","dry":"O","sensitive":""},{"name":"rehearsal","oily":"","dry":"O","sensitive":"X"},{"name":"unanimous","oily":"O","dry":"X","sensitive":"X"},{"name":"hypothesis","oily":"X","dry":"","sensitive":""},{"name":"entitlement","oily":"O","dry":"X","sensitive":"X"},{"name":"concentrate","oily":"","dry":"X","sensitive":""},{"name":"incongruous","oily":"X","dry":"X","sensitive":"X"},{"name":"technique","oily":"O","dry":"","sensitive":"O"},{"name":"nightmare","oily":"","dry":"","sensitive":""},{"name":"convulsion","oily":"X","dry":"X","sensitive":""},{"name":"brainstorm","oily":"X","dry":"","sensitive":""},{"name":"tournament","oily":"O","dry":"O","sensitive":"O"},{"name":"coincidence","oily":"","dry":"O","sensitive":""},{"name":"expenditure","oily":"O","dry":"X","sensitive":"X"},{"name":"deficiency","oily":"","dry":"X","sensitive":"O"},{"name":"entertainment","oily":"","dry":"O","sensitive":""},{"name":"disappoint","oily":"X","dry":"O","sensitive":"X"},{"name":"recommend","oily":"","dry":"","sensitive":"O"},{"name":"mastermind","oily":"O","dry":"","sensitive":"O"},{"name":"integration","oily":"X","dry":"X","sensitive":"X"},{"name":"ghostwriter","oily":"O","dry":"O","sensitive":"O"},{"name":"ambiguity","oily":"O","dry":"","sensitive":"O"},{"name":"integrity","oily":"","dry":"O","sensitive":""},{"name":"explosion","oily":"","dry":"O","sensitive":""},{"name":"observation","oily":"X","dry":"O","sensitive":"X"},{"name":"continuous","oily":"O","dry":"","sensitive":"O"},{"name":"highlight","oily":"O","dry":"X","sensitive":"O"},{"name":"corruption","oily":"X","dry":"X","sensitive":""},{"name":"translate","oily":"X","dry":"O","sensitive":""},{"name":"available","oily":"","dry":"X","sensitive":"O"},{"name":"infection","oily":"X","dry":"X","sensitive":""},{"name":"information","oily":"X","dry":"O","sensitive":""},{"name":"curriculum","oily":"","dry":"X","sensitive":"X"},{"name":"transport","oily":"","dry":"","sensitive":"O"},{"name":"communication","oily":"O","dry":"O","sensitive":"X"},{"name":"professional","oily":"X","dry":"O","sensitive":"O"},{"name":"orientation","oily":"","dry":"X","sensitive":""},{"name":"aluminium","oily":"O","dry":"","sensitive":""},{"name":"salvation","oily":"","dry":"O","sensitive":"X"},{"name":"prosecution","oily":"O","dry":"O","sensitive":""},{"name":"manufacture","oily":"O","dry":"","sensitive":"O"},{"name":"situation","oily":"X","dry":"X","sensitive":""},{"name":"inhibition","oily":"X","dry":"X","sensitive":""},{"name":"conference","oily":"O","dry":"X","sensitive":"O"},{"name":"consciousness","oily":"","dry":"X","sensitive":""},{"name":"folk music","oily":"O","dry":"O","sensitive":"O"},{"name":"variation","oily":"O","dry":"O","sensitive":"X"},{"name":"first-hand","oily":"X","dry":"","sensitive":"X"},{"name":"association","oily":"X","dry":"","sensitive":"O"},{"name":"fireplace","oily":"O","dry":"O","sensitive":"X"},{"name":"technology","oily":"O","dry":"","sensitive":"X"},{"name":"cathedral","oily":"X","dry":"X","sensitive":"O"},{"name":"demonstrator","oily":"O","dry":"","sensitive":""},{"name":"salesperson","oily":"X","dry":"","sensitive":"O"},{"name":"evolution","oily":"X","dry":"X","sensitive":"O"},{"name":"psychology","oily":"","dry":"O","sensitive":""},{"name":"criticism","oily":"","dry":"X","sensitive":""},{"name":"advertise","oily":"X","dry":"X","sensitive":"X"},{"name":"hilarious","oily":"","dry":"O","sensitive":""},{"name":"prescription","oily":"O","dry":"O","sensitive":"X"},{"name":"staircase","oily":"X","dry":"O","sensitive":""},{"name":"execution","oily":"O","dry":"","sensitive":"O"},{"name":"conclusion","oily":"","dry":"X","sensitive":"O"},{"name":"dismissal","oily":"X","dry":"","sensitive":"X"},{"name":"proportion","oily":"X","dry":"O","sensitive":""},{"name":"systematic","oily":"O","dry":"X","sensitive":"O"},{"name":"therapist","oily":"X","dry":"","sensitive":"X"},{"name":"lifestyle","oily":"","dry":"X","sensitive":"O"},{"name":"astonishing","oily":"","dry":"X","sensitive":"X"},{"name":"atmosphere","oily":"O","dry":"","sensitive":""},{"name":"principle","oily":"O","dry":"","sensitive":""},{"name":"determine","oily":"X","dry":"","sensitive":""},{"name":"disagreement","oily":"","dry":"X","sensitive":"O"},{"name":"chalk","oily":"","dry":"","sensitive":"X"},{"name":"deputy","oily":"O","dry":"","sensitive":"O"},{"name":"spider","oily":"","dry":"","sensitive":""},{"name":"think","oily":"O","dry":"O","sensitive":"O"},{"name":"lobby","oily":"O","dry":"O","sensitive":"O"},{"name":"fade","oily":"X","dry":"O","sensitive":"X"},{"name":"locate","oily":"X","dry":"O","sensitive":"X"},{"name":"spray","oily":"X","dry":"","sensitive":"X"},{"name":"drift","oily":"","dry":"","sensitive":"X"},{"name":"sun","oily":"O","dry":"","sensitive":""},{"name":"ignore","oily":"X","dry":"X","sensitive":"X"},{"name":"seal","oily":"X","dry":"","sensitive":"X"},{"name":"noise","oily":"","dry":"O","sensitive":"O"},{"name":"reveal","oily":"X","dry":"X","sensitive":""},{"name":"meet","oily":"O","dry":"","sensitive":"O"},{"name":"patent","oily":"X","dry":"X","sensitive":"O"},{"name":"rebel","oily":"X","dry":"","sensitive":""},{"name":"maze","oily":"X","dry":"O","sensitive":""},{"name":"mirror","oily":"O","dry":"X","sensitive":""},{"name":"sailor","oily":"O","dry":"O","sensitive":"X"},{"name":"vein","oily":"X","dry":"X","sensitive":""},{"name":"spill","oily":"X","dry":"X","sensitive":"O"},{"name":"salon","oily":"O","dry":"O","sensitive":""},{"name":"tile","oily":"X","dry":"O","sensitive":"O"},{"name":"robot","oily":"","dry":"X","sensitive":"O"},{"name":"far","oily":"","dry":"O","sensitive":""},{"name":"bubble","oily":"O","dry":"","sensitive":"O"},{"name":"answer","oily":"O","dry":"","sensitive":"X"},{"name":"award","oily":"O","dry":"","sensitive":"X"},{"name":"figure","oily":"X","dry":"","sensitive":"X"},{"name":"cash","oily":"","dry":"","sensitive":"O"},{"name":"eagle","oily":"","dry":"O","sensitive":""},{"name":"chest","oily":"O","dry":"X","sensitive":"O"},{"name":"crash","oily":"X","dry":"O","sensitive":"X"},{"name":"loop","oily":"","dry":"","sensitive":"O"},{"name":"kidnap","oily":"O","dry":"X","sensitive":"O"},{"name":"wrong","oily":"O","dry":"X","sensitive":"X"},{"name":"dip","oily":"X","dry":"X","sensitive":"X"},{"name":"twin","oily":"","dry":"","sensitive":""},{"name":"brag","oily":"","dry":"O","sensitive":"X"},{"name":"fairy","oily":"O","dry":"O","sensitive":""},{"name":"weight","oily":"O","dry":"X","sensitive":"O"},{"name":"temple","oily":"","dry":"","sensitive":"X"},{"name":"proud","oily":"","dry":"","sensitive":""},{"name":"camp","oily":"X","dry":"O","sensitive":"X"},{"name":"wood","oily":"","dry":"","sensitive":"X"},{"name":"clear","oily":"O","dry":"O","sensitive":"X"},{"name":"bundle","oily":"X","dry":"X","sensitive":""},{"name":"nose","oily":"","dry":"X","sensitive":"X"},{"name":"shadow","oily":"X","dry":"X","sensitive":""},{"name":"cart","oily":"X","dry":"X","sensitive":"O"},{"name":"cord","oily":"X","dry":"O","sensitive":"X"},{"name":"ex","oily":"","dry":"X","sensitive":""},{"name":"firm","oily":"X","dry":"X","sensitive":""},{"name":"reach","oily":"O","dry":"X","sensitive":"X"},{"name":"learn","oily":"","dry":"X","sensitive":"O"},{"name":"output","oily":"O","dry":"O","sensitive":"O"},{"name":"tail","oily":"","dry":"X","sensitive":""},{"name":"keep","oily":"X","dry":"O","sensitive":"X"},{"name":"oven","oily":"","dry":"","sensitive":"O"},{"name":"hour","oily":"X","dry":"O","sensitive":""},{"name":"hall","oily":"","dry":"X","sensitive":"O"},{"name":"crude","oily":"","dry":"","sensitive":""},{"name":"tough","oily":"","dry":"","sensitive":"X"},{"name":"dark","oily":"X","dry":"O","sensitive":"O"},{"name":"hike","oily":"O","dry":"O","sensitive":""},{"name":"carrot","oily":"O","dry":"X","sensitive":"X"},{"name":"bed","oily":"","dry":"O","sensitive":"O"},{"name":"beach","oily":"","dry":"O","sensitive":"O"},{"name":"slide","oily":"O","dry":"X","sensitive":""},{"name":"piano","oily":"O","dry":"","sensitive":"X"},{"name":"swell","oily":"O","dry":"X","sensitive":"O"},{"name":"coma","oily":"X","dry":"","sensitive":"O"},{"name":"late","oily":"O","dry":"O","sensitive":"O"},{"name":"closed","oily":"O","dry":"O","sensitive":"X"},{"name":"jockey","oily":"O","dry":"O","sensitive":"X"},{"name":"throne","oily":"","dry":"O","sensitive":"X"},{"name":"snatch","oily":"","dry":"O","sensitive":""},{"name":"embark","oily":"O","dry":"X","sensitive":"O"},{"name":"trench","oily":"O","dry":"X","sensitive":"O"},{"name":"trip","oily":"O","dry":"","sensitive":"O"},{"name":"dairy","oily":"X","dry":"","sensitive":"O"},{"name":"tired","oily":"","dry":"","sensitive":"X"},{"name":"duty","oily":"","dry":"X","sensitive":""},{"name":"burst","oily":"","dry":"X","sensitive":"O"},{"name":"safe","oily":"X","dry":"X","sensitive":"X"},{"name":"waiter","oily":"","dry":"O","sensitive":"X"},{"name":"layer","oily":"O","dry":"O","sensitive":"O"},{"name":"coal","oily":"","dry":"O","sensitive":"O"},{"name":"love","oily":"X","dry":"X","sensitive":"X"},{"name":"jacket","oily":"O","dry":"X","sensitive":"O"},{"name":"useful","oily":"X","dry":"X","sensitive":"X"},{"name":"save","oily":"X","dry":"","sensitive":""},{"name":"frown","oily":"","dry":"O","sensitive":"X"},{"name":"breed","oily":"X","dry":"O","sensitive":""},{"name":"bottom","oily":"","dry":"X","sensitive":"O"},{"name":"arrow","oily":"O","dry":"","sensitive":"O"},{"name":"shape","oily":"O","dry":"","sensitive":"X"},{"name":"home","oily":"O","dry":"","sensitive":""},{"name":"jet","oily":"","dry":"X","sensitive":"X"},{"name":"offer","oily":"X","dry":"X","sensitive":"O"},{"name":"offset","oily":"X","dry":"","sensitive":""},{"name":"zone","oily":"X","dry":"X","sensitive":"X"},{"name":"tiger","oily":"O","dry":"X","sensitive":""},{"name":"agenda","oily":"X","dry":"X","sensitive":""},{"name":"harsh","oily":"","dry":"O","sensitive":""},{"name":"like","oily":"X","dry":"X","sensitive":"X"},{"name":"easy","oily":"X","dry":"O","sensitive":"X"},{"name":"old","oily":"X","dry":"O","sensitive":""},{"name":"mind","oily":"O","dry":"O","sensitive":"X"},{"name":"just","oily":"X","dry":"O","sensitive":"O"},{"name":"marsh","oily":"X","dry":"O","sensitive":""},{"name":"course","oily":"","dry":"X","sensitive":""},{"name":"lamb","oily":"O","dry":"","sensitive":"X"},{"name":"ward","oily":"O","dry":"O","sensitive":"X"},{"name":"cave","oily":"","dry":"","sensitive":"X"},{"name":"pound","oily":"","dry":"","sensitive":""},{"name":"pit","oily":"X","dry":"O","sensitive":""},{"name":"policy","oily":"X","dry":"X","sensitive":"O"},{"name":"eject","oily":"X","dry":"","sensitive":"O"},{"name":"crowd","oily":"X","dry":"X","sensitive":"O"},{"name":"myth","oily":"O","dry":"","sensitive":"X"},{"name":"sex","oily":"O","dry":"","sensitive":""},{"name":"fraud","oily":"O","dry":"X","sensitive":""},{"name":"pain","oily":"O","dry":"X","sensitive":"X"},{"name":"insert","oily":"O","dry":"X","sensitive":"X"},{"name":"tablet","oily":"","dry":"O","sensitive":"X"},{"name":"meadow","oily":"X","dry":"O","sensitive":"O"},{"name":"calf","oily":"X","dry":"X","sensitive":"O"},{"name":"pass","oily":"X","dry":"O","sensitive":"X"},{"name":"embryo","oily":"","dry":"X","sensitive":""},{"name":"screw","oily":"O","dry":"X","sensitive":""},{"name":"pastel","oily":"","dry":"","sensitive":"O"},{"name":"aspect","oily":"","dry":"","sensitive":"X"},{"name":"wait","oily":"O","dry":"","sensitive":""},{"name":"craft","oily":"O","dry":"O","sensitive":""},{"name":"stock","oily":"O","dry":"O","sensitive":"X"},{"name":"trial","oily":"X","dry":"X","sensitive":"O"},{"name":"proof","oily":"O","dry":"","sensitive":""},{"name":"legend","oily":"","dry":"","sensitive":""},{"name":"dump","oily":"O","dry":"X","sensitive":"X"},{"name":"reduce","oily":"","dry":"O","sensitive":""},{"name":"sniff","oily":"X","dry":"O","sensitive":"X"},{"name":"latest","oily":"","dry":"X","sensitive":"O"},{"name":"master","oily":"O","dry":"O","sensitive":"O"},{"name":"clean","oily":"O","dry":"O","sensitive":""},{"name":"injury","oily":"","dry":"X","sensitive":"O"},{"name":"thrust","oily":"","dry":"","sensitive":""},{"name":"slant","oily":"","dry":"X","sensitive":"X"},{"name":"shock","oily":"","dry":"","sensitive":"X"},{"name":"sister","oily":"O","dry":"","sensitive":"X"},{"name":"smile","oily":"","dry":"O","sensitive":"X"},{"name":"rank","oily":"X","dry":"X","sensitive":"O"},{"name":"member","oily":"O","dry":"O","sensitive":"O"},{"name":"voter","oily":"O","dry":"","sensitive":""},{"name":"halt","oily":"O","dry":"","sensitive":""},{"name":"will","oily":"","dry":"X","sensitive":""},{"name":"mature","oily":"X","dry":"X","sensitive":"O"},{"name":"banner","oily":"O","dry":"X","sensitive":"X"},{"name":"lesson","oily":"X","dry":"O","sensitive":"O"},{"name":"fair","oily":"O","dry":"","sensitive":""},{"name":"drive","oily":"O","dry":"","sensitive":""},{"name":"insist","oily":"O","dry":"O","sensitive":"O"},{"name":"gas","oily":"X","dry":"X","sensitive":"O"},{"name":"manner","oily":"O","dry":"X","sensitive":"X"},{"name":"freeze","oily":"","dry":"O","sensitive":"X"},{"name":"red","oily":"O","dry":"","sensitive":"O"},{"name":"solid","oily":"O","dry":"X","sensitive":"O"},{"name":"tissue","oily":"X","dry":"O","sensitive":"X"},{"name":"valley","oily":"O","dry":"X","sensitive":""},{"name":"ensure","oily":"","dry":"O","sensitive":"X"},{"name":"barrel","oily":"X","dry":"X","sensitive":"X"},{"name":"hobby","oily":"O","dry":"O","sensitive":""},{"name":"efflux","oily":"X","dry":"","sensitive":"O"},{"name":"real","oily":"","dry":"O","sensitive":"X"},{"name":"social","oily":"X","dry":"O","sensitive":""},{"name":"berry","oily":"O","dry":"","sensitive":""},{"name":"faith","oily":"","dry":"","sensitive":"O"},{"name":"polite","oily":"O","dry":"X","sensitive":"O"},{"name":"cell","oily":"X","dry":"O","sensitive":""},{"name":"afford","oily":"","dry":"","sensitive":""},{"name":"occupy","oily":"","dry":"X","sensitive":"O"},{"name":"sector","oily":"O","dry":"","sensitive":"X"},{"name":"runner","oily":"O","dry":"X","sensitive":""},{"name":"tumour","oily":"","dry":"X","sensitive":""},{"name":"bang","oily":"","dry":"X","sensitive":"X"},{"name":"Koran","oily":"X","dry":"","sensitive":""},{"name":"chief","oily":"","dry":"O","sensitive":"X"},{"name":"major","oily":"","dry":"O","sensitive":"X"},{"name":"behead","oily":"X","dry":"O","sensitive":""},{"name":"spell","oily":"","dry":"","sensitive":"X"},{"name":"beg","oily":"","dry":"O","sensitive":""},{"name":"well","oily":"X","dry":"X","sensitive":"O"},{"name":"door","oily":"O","dry":"O","sensitive":"X"},{"name":"flock","oily":"X","dry":"O","sensitive":"O"},{"name":"native","oily":"X","dry":"O","sensitive":"X"},{"name":"crime","oily":"X","dry":"","sensitive":""},{"name":"jungle","oily":"O","dry":"X","sensitive":"X"},{"name":"palm","oily":"","dry":"O","sensitive":"O"},{"name":"notice","oily":"","dry":"X","sensitive":""},{"name":"depend","oily":"X","dry":"X","sensitive":"O"},{"name":"system","oily":"O","dry":"","sensitive":"O"},{"name":"touch","oily":"O","dry":"X","sensitive":"X"},{"name":"garlic","oily":"X","dry":"O","sensitive":"O"},{"name":"set","oily":"O","dry":"X","sensitive":""},{"name":"shout","oily":"X","dry":"X","sensitive":"X"},{"name":"orange","oily":"O","dry":"O","sensitive":"X"},{"name":"hard","oily":"X","dry":"O","sensitive":""},{"name":"spoil","oily":"","dry":"","sensitive":"O"},{"name":"manage","oily":"O","dry":"","sensitive":"O"},{"name":"metal","oily":"O","dry":"O","sensitive":"X"},{"name":"stuff","oily":"","dry":"","sensitive":"X"},{"name":"groan","oily":"O","dry":"O","sensitive":"X"},{"name":"girl","oily":"O","dry":"","sensitive":"O"},{"name":"opera","oily":"X","dry":"","sensitive":"X"},{"name":"tray","oily":"O","dry":"","sensitive":""},{"name":"grow","oily":"O","dry":"O","sensitive":""},{"name":"art","oily":"O","dry":"","sensitive":"X"},{"name":"force","oily":"","dry":"O","sensitive":"O"},{"name":"novel","oily":"","dry":"X","sensitive":"O"},{"name":"second","oily":"","dry":"X","sensitive":""},{"name":"note","oily":"","dry":"O","sensitive":"X"},{"name":"brink","oily":"X","dry":"O","sensitive":"X"},{"name":"split","oily":"X","dry":"X","sensitive":"O"},{"name":"store","oily":"X","dry":"X","sensitive":"X"},{"name":"unrest","oily":"","dry":"","sensitive":""},{"name":"mole","oily":"X","dry":"X","sensitive":"O"},{"name":"blind","oily":"O","dry":"O","sensitive":""},{"name":"abuse","oily":"","dry":"X","sensitive":""},{"name":"wild","oily":"","dry":"","sensitive":"X"},{"name":"Venus","oily":"O","dry":"","sensitive":""},{"name":"lion","oily":"O","dry":"O","sensitive":""},{"name":"remain","oily":"O","dry":"X","sensitive":"X"},{"name":"wolf","oily":"X","dry":"O","sensitive":""},{"name":"tax","oily":"X","dry":"O","sensitive":""},{"name":"sugar","oily":"O","dry":"X","sensitive":"O"},{"name":"hear","oily":"","dry":"O","sensitive":"X"},{"name":"fever","oily":"X","dry":"X","sensitive":"O"},{"name":"burn","oily":"","dry":"O","sensitive":"X"},{"name":"pack","oily":"O","dry":"","sensitive":""},{"name":"admit","oily":"O","dry":"X","sensitive":""},{"name":"give","oily":"O","dry":"X","sensitive":"X"},{"name":"slump","oily":"X","dry":"","sensitive":"O"},{"name":"beat","oily":"O","dry":"X","sensitive":"X"},{"name":"stun","oily":"X","dry":"O","sensitive":""},{"name":"hold","oily":"O","dry":"X","sensitive":"X"},{"name":"record","oily":"O","dry":"","sensitive":""},{"name":"sheep","oily":"X","dry":"","sensitive":"X"},{"name":"tube","oily":"","dry":"O","sensitive":""},{"name":"band","oily":"O","dry":"X","sensitive":"O"},{"name":"warn","oily":"O","dry":"O","sensitive":"O"},{"name":"flat","oily":"O","dry":"X","sensitive":""},{"name":"fence","oily":"X","dry":"","sensitive":"X"},{"name":"indoor","oily":"","dry":"O","sensitive":"X"},{"name":"buffet","oily":"O","dry":"X","sensitive":"O"},{"name":"staff","oily":"","dry":"X","sensitive":"X"},{"name":"cold","oily":"X","dry":"X","sensitive":"O"},{"name":"hang","oily":"O","dry":"X","sensitive":"O"},{"name":"cinema","oily":"O","dry":"","sensitive":"X"},{"name":"planet","oily":"O","dry":"O","sensitive":""},{"name":"mutual","oily":"","dry":"","sensitive":"O"},{"name":"rider","oily":"O","dry":"O","sensitive":""},{"name":"lease","oily":"X","dry":"","sensitive":"O"},{"name":"judge","oily":"X","dry":"","sensitive":"X"},{"name":"clerk","oily":"","dry":"","sensitive":""},{"name":"hotdog","oily":"","dry":"","sensitive":"O"},{"name":"ready","oily":"","dry":"X","sensitive":"O"},{"name":"stir","oily":"","dry":"","sensitive":"O"},{"name":"bar","oily":"O","dry":"","sensitive":"X"},{"name":"rare","oily":"O","dry":"O","sensitive":"X"},{"name":"show","oily":"X","dry":"X","sensitive":"O"},{"name":"sip","oily":"O","dry":"O","sensitive":"O"},{"name":"cheek","oily":"O","dry":"O","sensitive":""},{"name":"handy","oily":"","dry":"","sensitive":""},{"name":"morale","oily":"","dry":"","sensitive":"X"},{"name":"fibre","oily":"O","dry":"","sensitive":"X"},{"name":"veil","oily":"X","dry":"X","sensitive":""},{"name":"drawer","oily":"","dry":"O","sensitive":""},{"name":"sour","oily":"","dry":"","sensitive":""},{"name":"thigh","oily":"X","dry":"O","sensitive":""},{"name":"bet","oily":"O","dry":"O","sensitive":""},{"name":"unique","oily":"O","dry":"","sensitive":"O"},{"name":"hill","oily":"O","dry":"","sensitive":""},{"name":"face","oily":"","dry":"X","sensitive":""},{"name":"bee","oily":"X","dry":"O","sensitive":""},{"name":"quiet","oily":"X","dry":"","sensitive":"X"},{"name":"burial","oily":"O","dry":"O","sensitive":"X"},{"name":"bloody","oily":"X","dry":"O","sensitive":"O"},{"name":"grave","oily":"O","dry":"X","sensitive":"X"},{"name":"sleeve","oily":"X","dry":"X","sensitive":"X"},{"name":"head","oily":"","dry":"","sensitive":""},{"name":"exit","oily":"O","dry":"X","sensitive":"O"},{"name":"degree","oily":"X","dry":"X","sensitive":""},{"name":"rotten","oily":"O","dry":"","sensitive":"X"},{"name":"frank","oily":"X","dry":"O","sensitive":"O"},{"name":"apathy","oily":"","dry":"X","sensitive":"O"},{"name":"pie","oily":"X","dry":"X","sensitive":"O"},{"name":"low","oily":"O","dry":"","sensitive":""},{"name":"shed","oily":"","dry":"O","sensitive":"O"},{"name":"defeat","oily":"","dry":"O","sensitive":""},{"name":"baby","oily":"X","dry":"X","sensitive":""},{"name":"nail","oily":"O","dry":"X","sensitive":"X"},{"name":"swipe","oily":"","dry":"X","sensitive":""},{"name":"truth","oily":"","dry":"O","sensitive":""},{"name":"sock","oily":"X","dry":"","sensitive":"X"},{"name":"tool","oily":"O","dry":"X","sensitive":"O"},{"name":"morsel","oily":"X","dry":"O","sensitive":"X"},{"name":"virgin","oily":"X","dry":"X","sensitive":"O"},{"name":"root","oily":"","dry":"X","sensitive":""},{"name":"stress","oily":"X","dry":"O","sensitive":"O"},{"name":"tract","oily":"X","dry":"","sensitive":"X"},{"name":"expand","oily":"X","dry":"X","sensitive":"X"},{"name":"tasty","oily":"O","dry":"O","sensitive":"O"},{"name":"area","oily":"","dry":"","sensitive":""},{"name":"length","oily":"X","dry":"","sensitive":""},{"name":"candle","oily":"O","dry":"","sensitive":"X"},{"name":"desire","oily":"","dry":"O","sensitive":""},{"name":"cream","oily":"","dry":"","sensitive":""},{"name":"folk","oily":"","dry":"","sensitive":"X"},{"name":"liver","oily":"","dry":"X","sensitive":""},{"name":"sleep","oily":"O","dry":"O","sensitive":"X"},{"name":"strain","oily":"","dry":"O","sensitive":""},{"name":"pat","oily":"X","dry":"","sensitive":"X"},{"name":"shine","oily":"","dry":"X","sensitive":"X"},{"name":"avenue","oily":"","dry":"O","sensitive":""},{"name":"bring","oily":"","dry":"","sensitive":"X"},{"name":"cool","oily":"X","dry":"O","sensitive":""},{"name":"code","oily":"O","dry":"X","sensitive":""},{"name":"enter","oily":"X","dry":"X","sensitive":"O"},{"name":"orgy","oily":"O","dry":"O","sensitive":""},{"name":"heal","oily":"X","dry":"O","sensitive":"X"},{"name":"leak","oily":"O","dry":"X","sensitive":""},{"name":"have","oily":"","dry":"O","sensitive":"X"},{"name":"impact","oily":"","dry":"X","sensitive":"O"},{"name":"glass","oily":"","dry":"O","sensitive":""},{"name":"decade","oily":"O","dry":"X","sensitive":"X"},{"name":"fame","oily":"O","dry":"O","sensitive":"X"},{"name":"speech","oily":"O","dry":"O","sensitive":""},{"name":"tribe","oily":"O","dry":"X","sensitive":"X"},{"name":"utter","oily":"X","dry":"O","sensitive":"X"},{"name":"swop","oily":"X","dry":"X","sensitive":"X"},{"name":"disco","oily":"X","dry":"","sensitive":"X"},{"name":"safari","oily":"","dry":"O","sensitive":"X"},{"name":"shower","oily":"O","dry":"X","sensitive":"O"},{"name":"merit","oily":"","dry":"X","sensitive":""},{"name":"suburb","oily":"O","dry":"","sensitive":"X"},{"name":"detail","oily":"O","dry":"O","sensitive":""},{"name":"graze","oily":"O","dry":"O","sensitive":""},{"name":"steak","oily":"","dry":"X","sensitive":""},{"name":"cancel","oily":"","dry":"O","sensitive":""},{"name":"album","oily":"O","dry":"X","sensitive":"O"},{"name":"pace","oily":"O","dry":"","sensitive":"X"},{"name":"review","oily":"","dry":"O","sensitive":""},{"name":"list","oily":"O","dry":"","sensitive":"O"},{"name":"tear","oily":"","dry":"","sensitive":"X"},{"name":"fold","oily":"","dry":"O","sensitive":"O"},{"name":"palace","oily":"","dry":"","sensitive":""},{"name":"lonely","oily":"X","dry":"X","sensitive":"X"},{"name":"appeal","oily":"","dry":"","sensitive":""},{"name":"pillow","oily":"O","dry":"O","sensitive":"O"},{"name":"belly","oily":"X","dry":"","sensitive":"O"},{"name":"buy","oily":"X","dry":"","sensitive":"X"},{"name":"hurt","oily":"X","dry":"","sensitive":"X"},{"name":"habit","oily":"","dry":"","sensitive":"O"}]